samplename,description
1_H5NJTBGX9.1.ATTCAGAA_GTCAGTAC.unmapped.1.fastq.gz,A_1
2_H5NJTBGX9.2.ATTCAGAA_GTCAGTAC.unmapped.1.fastq.gz,A_1
3_H5NJTBGX9.3.ATTCAGAA_GTCAGTAC.unmapped.1.fastq.gz,A_1
4_H5NJTBGX9.4.ATTCAGAA_GTCAGTAC.unmapped.1.fastq.gz,A_1
1_H5NJTBGX9.1.ATTCAGAA_GTCAGTAC.unmapped.2.fastq.gz,A_2
2_H5NJTBGX9.2.ATTCAGAA_GTCAGTAC.unmapped.2.fastq.gz,A_2
3_H5NJTBGX9.3.ATTCAGAA_GTCAGTAC.unmapped.2.fastq.gz,A_2
4_H5NJTBGX9.4.ATTCAGAA_GTCAGTAC.unmapped.2.fastq.gz,A_2
1_H5NJTBGX9.1.GAATTCGT_AGGCTATA.unmapped.1.fastq.gz,B_1
2_H5NJTBGX9.2.GAATTCGT_AGGCTATA.unmapped.1.fastq.gz,B_1
3_H5NJTBGX9.3.GAATTCGT_AGGCTATA.unmapped.1.fastq.gz,B_1
4_H5NJTBGX9.4.GAATTCGT_AGGCTATA.unmapped.1.fastq.gz,B_1
1_H5NJTBGX9.1.GAATTCGT_AGGCTATA.unmapped.2.fastq.gz,B_2
2_H5NJTBGX9.2.GAATTCGT_AGGCTATA.unmapped.2.fastq.gz,B_2
3_H5NJTBGX9.3.GAATTCGT_AGGCTATA.unmapped.2.fastq.gz,B_2
4_H5NJTBGX9.4.GAATTCGT_AGGCTATA.unmapped.2.fastq.gz,B_2
1_H5NJTBGX9.1.GAATTCGT_GCCTCTAT.unmapped.1.fastq.gz,C_1
2_H5NJTBGX9.2.GAATTCGT_GCCTCTAT.unmapped.1.fastq.gz,C_1
3_H5NJTBGX9.3.GAATTCGT_GCCTCTAT.unmapped.1.fastq.gz,C_1
4_H5NJTBGX9.4.GAATTCGT_GCCTCTAT.unmapped.1.fastq.gz,C_1
1_H5NJTBGX9.1.GAATTCGT_GCCTCTAT.unmapped.2.fastq.gz,C_2
2_H5NJTBGX9.2.GAATTCGT_GCCTCTAT.unmapped.2.fastq.gz,C_2
3_H5NJTBGX9.3.GAATTCGT_GCCTCTAT.unmapped.2.fastq.gz,C_2
4_H5NJTBGX9.4.GAATTCGT_GCCTCTAT.unmapped.2.fastq.gz,C_2
1_H5NJTBGX9.1.GAATTCGT_AGGATAGG.unmapped.1.fastq.gz,D_1
2_H5NJTBGX9.2.GAATTCGT_AGGATAGG.unmapped.1.fastq.gz,D_1
3_H5NJTBGX9.3.GAATTCGT_AGGATAGG.unmapped.1.fastq.gz,D_1
4_H5NJTBGX9.4.GAATTCGT_AGGATAGG.unmapped.1.fastq.gz,D_1
1_H5NJTBGX9.1.GAATTCGT_AGGATAGG.unmapped.2.fastq.gz,D_2
2_H5NJTBGX9.2.GAATTCGT_AGGATAGG.unmapped.2.fastq.gz,D_2
3_H5NJTBGX9.3.GAATTCGT_AGGATAGG.unmapped.2.fastq.gz,D_2
4_H5NJTBGX9.4.GAATTCGT_AGGATAGG.unmapped.2.fastq.gz,D_2
1_H5NJTBGX9.1.GAATTCGT_TCAGAGCC.unmapped.1.fastq.gz,E_1
2_H5NJTBGX9.2.GAATTCGT_TCAGAGCC.unmapped.1.fastq.gz,E_1
3_H5NJTBGX9.3.GAATTCGT_TCAGAGCC.unmapped.1.fastq.gz,E_1
4_H5NJTBGX9.4.GAATTCGT_TCAGAGCC.unmapped.1.fastq.gz,E_1
1_H5NJTBGX9.1.GAATTCGT_TCAGAGCC.unmapped.2.fastq.gz,E_2
2_H5NJTBGX9.2.GAATTCGT_TCAGAGCC.unmapped.2.fastq.gz,E_2
3_H5NJTBGX9.3.GAATTCGT_TCAGAGCC.unmapped.2.fastq.gz,E_2
4_H5NJTBGX9.4.GAATTCGT_TCAGAGCC.unmapped.2.fastq.gz,E_2
1_H5NJTBGX9.1.GAATTCGT_CTTCGCCT.unmapped.1.fastq.gz,F_1
2_H5NJTBGX9.2.GAATTCGT_CTTCGCCT.unmapped.1.fastq.gz,F_1
3_H5NJTBGX9.3.GAATTCGT_CTTCGCCT.unmapped.1.fastq.gz,F_1
4_H5NJTBGX9.4.GAATTCGT_CTTCGCCT.unmapped.1.fastq.gz,F_1
1_H5NJTBGX9.1.GAATTCGT_CTTCGCCT.unmapped.2.fastq.gz,F_2
2_H5NJTBGX9.2.GAATTCGT_CTTCGCCT.unmapped.2.fastq.gz,F_2
3_H5NJTBGX9.3.GAATTCGT_CTTCGCCT.unmapped.2.fastq.gz,F_2
4_H5NJTBGX9.4.GAATTCGT_CTTCGCCT.unmapped.2.fastq.gz,F_2
1_H5NJTBGX9.1.GAATTCGT_TAAGATTA.unmapped.1.fastq.gz,G_1
2_H5NJTBGX9.2.GAATTCGT_TAAGATTA.unmapped.1.fastq.gz,G_1
3_H5NJTBGX9.3.GAATTCGT_TAAGATTA.unmapped.1.fastq.gz,G_1
4_H5NJTBGX9.4.GAATTCGT_TAAGATTA.unmapped.1.fastq.gz,G_1
1_H5NJTBGX9.1.GAATTCGT_TAAGATTA.unmapped.2.fastq.gz,G_2
2_H5NJTBGX9.2.GAATTCGT_TAAGATTA.unmapped.2.fastq.gz,G_2
3_H5NJTBGX9.3.GAATTCGT_TAAGATTA.unmapped.2.fastq.gz,G_2
4_H5NJTBGX9.4.GAATTCGT_TAAGATTA.unmapped.2.fastq.gz,G_2
1_H5NJTBGX9.1.GAATTCGT_ACGTCCTG.unmapped.1.fastq.gz,H_1
2_H5NJTBGX9.2.GAATTCGT_ACGTCCTG.unmapped.1.fastq.gz,H_1
3_H5NJTBGX9.3.GAATTCGT_ACGTCCTG.unmapped.1.fastq.gz,H_1
4_H5NJTBGX9.4.GAATTCGT_ACGTCCTG.unmapped.1.fastq.gz,H_1
1_H5NJTBGX9.1.GAATTCGT_ACGTCCTG.unmapped.2.fastq.gz,H_2
2_H5NJTBGX9.2.GAATTCGT_ACGTCCTG.unmapped.2.fastq.gz,H_2
3_H5NJTBGX9.3.GAATTCGT_ACGTCCTG.unmapped.2.fastq.gz,H_2
4_H5NJTBGX9.4.GAATTCGT_ACGTCCTG.unmapped.2.fastq.gz,H_2
1_H5NJTBGX9.1.GAATTCGT_GTCAGTAC.unmapped.1.fastq.gz,I_1
2_H5NJTBGX9.2.GAATTCGT_GTCAGTAC.unmapped.1.fastq.gz,I_1
3_H5NJTBGX9.3.GAATTCGT_GTCAGTAC.unmapped.1.fastq.gz,I_1
4_H5NJTBGX9.4.GAATTCGT_GTCAGTAC.unmapped.1.fastq.gz,I_1
1_H5NJTBGX9.1.GAATTCGT_GTCAGTAC.unmapped.2.fastq.gz,I_2
2_H5NJTBGX9.2.GAATTCGT_GTCAGTAC.unmapped.2.fastq.gz,I_2
3_H5NJTBGX9.3.GAATTCGT_GTCAGTAC.unmapped.2.fastq.gz,I_2
4_H5NJTBGX9.4.GAATTCGT_GTCAGTAC.unmapped.2.fastq.gz,I_2
1_H5NJTBGX9.1.CTGAAGCT_AGGCTATA.unmapped.1.fastq.gz,J_1
2_H5NJTBGX9.2.CTGAAGCT_AGGCTATA.unmapped.1.fastq.gz,J_1
3_H5NJTBGX9.3.CTGAAGCT_AGGCTATA.unmapped.1.fastq.gz,J_1
4_H5NJTBGX9.4.CTGAAGCT_AGGCTATA.unmapped.1.fastq.gz,J_1
1_H5NJTBGX9.1.CTGAAGCT_AGGCTATA.unmapped.2.fastq.gz,J_2
2_H5NJTBGX9.2.CTGAAGCT_AGGCTATA.unmapped.2.fastq.gz,J_2
3_H5NJTBGX9.3.CTGAAGCT_AGGCTATA.unmapped.2.fastq.gz,J_2
4_H5NJTBGX9.4.CTGAAGCT_AGGCTATA.unmapped.2.fastq.gz,J_2